frame 1,0.0007687000033911318
frame 2,0.0007236999808810651
frame 3,0.0006573999999091029
frame 4,0.0005528999899979681
frame 5,0.0005012000037822872
frame 6,0.00047989998711273074
frame 7,0.00042440000106580555
frame 8,0.0003726000140886754
frame 9,0.00032709998777136207
frame 10,0.0003034000110346824
frame 11,0.00028119998751208186
frame 12,0.0002567000046838075
frame 13,0.0015158000169321895
frame 14,0.0014763999788556248
frame 15,0.0015309000154957175
frame 16,0.0015317000215873122
frame 17,0.001728000002913177
frame 18,0.0016502999933436513
frame 19,0.001614599983440712
frame 20,0.001557800016598776
frame 21,0.0014678000006824732
frame 22,0.0016199999954551458
frame 23,0.0014957999810576439
frame 24,0.001531900023110211
frame 25,0.0015856999962124974
frame 26,0.0016044999938458204
frame 27,0.0014596999972127378
frame 28,0.0014207999920472503
frame 29,0.0013461000053212047
frame 30,0.001447199989343062
frame 31,0.001438200008124113
frame 32,0.0012642999936360866
frame 33,0.0012824999867007136
frame 34,0.0008857999928295612
frame 35,0.0008682000043336302
frame 36,0.000815500010503456
frame 37,0.0007475999882444739
frame 38,0.0006861000147182494
frame 39,0.0005883999983780086
frame 40,0.0005577999982051551
frame 41,0.0005082999996375293
frame 42,0.0004791000101249665
frame 43,0.00041030001011677086
frame 44,0.00035940000088885427
frame 45,0.00032279998413287103
frame 46,0.00029880000511184335
frame 47,0.00025129999266937375
frame 48,0.000239099987084046
frame 49,0.00019500000053085387
frame 50,0.00017499999376013875
frame 51,0.00015469998470507562
frame 52,0.00013840000610798597
frame 53,0.0012949999945703894
frame 54,0.001263100013602525
frame 55,0.001210899994475767
frame 56,0.0012042000016663224
frame 57,0.00114079998456873
frame 58,0.0011267999943811446
frame 59,0.0011679999879561365
frame 60,0.0011592000082600862
frame 61,0.0011482000118121505
frame 62,0.0011141999857500196
frame 63,0.0010772999958135188
frame 64,0.0012319000088609755
frame 65,0.0011638000141829252
frame 66,0.0011607000196818262
frame 67,0.001197900011902675
frame 68,0.0009605999803170562
frame 69,0.0007711999933235347
frame 70,0.000667200016323477
frame 71,0.0006132000125944614
frame 72,0.0005614999972749501
frame 73,0.0005605999904219061
frame 74,0.00045769999269396067
frame 75,0.00042890000622719526
frame 76,0.0003717999788932502
frame 77,0.0003333999775350094
frame 78,0.0003031000087503344
frame 79,0.00026369999977760017
frame 80,0.00022539999918080866
frame 81,0.0001970999874174595
frame 82,0.0001728000061120838
frame 83,0.00015380000695586205
frame 84,0.00013780000153928995
frame 85,0.0002314999874215573
frame 86,0.00021510000806301832
frame 87,0.00018740000086836517
frame 88,0.00017100002150982618
frame 89,0.00015609999536536634
frame 90,0.0001370999962091446
frame 91,0.0011239000014029443
frame 92,0.0012459999998100102
frame 93,0.0010882999922614545
frame 94,0.0010981000086758286
frame 95,0.001101300003938377
frame 96,0.0010762999881990254
frame 97,0.0010464999941177666
frame 98,0.0010608000156935304
frame 99,0.0010538999922573566
frame 100,0.000988499989034608
frame 101,0.0009898999996948987
frame 102,0.000908799993339926
frame 103,0.0008970999915618449
frame 104,0.0008277999877464026
frame 105,0.0007977999921422452
frame 106,0.000753400003304705
frame 107,0.0006720999954268336
frame 108,0.0015008999907877296
frame 109,0.0016052999999374151
frame 110,0.0015315999917220324
frame 111,0.0014855999907013029
frame 112,0.0015653999871574342
frame 113,0.0016045000229496509
frame 114,0.0014430999872274697
frame 115,0.0012131999828852713
frame 116,0.0012486999912653118
frame 117,0.0010784000041894615
frame 118,0.0009818000253289938
frame 119,0.0008721000049263239
frame 120,0.0007694000087212771
frame 121,0.000686999992467463
frame 122,0.0006450999935623258
frame 123,0.0006340999971143901
frame 124,0.0005170000076759607
frame 125,0.000624899985268712
frame 126,0.0004189999890513718
frame 127,0.0003473999968264252
frame 128,0.001105000003008172
frame 129,0.0011661000025924295
frame 130,0.0011298999888822436
frame 131,0.0012036000262014568
frame 132,0.0010986000124830753
frame 133,0.0011060000106226653
frame 134,0.0011396000045351684
frame 135,0.0010621999972499907
frame 136,0.0011267000227235258
frame 137,0.0011215000122319907
frame 138,0.0009931999957188964
frame 139,0.001029600010951981
frame 140,0.0010899000044446439
frame 141,0.0009258000063709915
frame 142,0.000905699998838827
frame 143,0.0008617000130470842
frame 144,0.0008430999878328294
frame 145,0.0007760000007692724
frame 146,0.0007699000125285238
frame 147,0.0006669999856967479
frame 148,0.0012942000175826252
frame 149,0.0011660000018309802
frame 150,0.0010322000016458333
frame 151,0.0008962000138126314
frame 152,0.0008465999853797257
frame 153,0.0008764000085648149
frame 154,0.0007678999972995371
frame 155,0.0006894000107422471
frame 156,0.0005979000125080347
frame 157,0.0004754000110551715
frame 158,0.0004419000179041177
frame 159,0.0003577999887056649
frame 160,0.0003080999886151403
frame 161,0.0007743000169284642
frame 162,0.0007094999891705811
frame 163,0.0007993000035639852
frame 164,0.000812400016002357
frame 165,0.0009271000162698328
frame 166,0.0007770000083837658
frame 167,0.0007325000187847763
frame 168,0.0006519000162370503
frame 169,0.0007224000000860542
frame 170,0.000618099991697818
frame 171,0.0005475000070873648
frame 172,0.0005176999839022756
frame 173,0.00047879997873678803
frame 174,0.00042389999725855887
frame 175,0.00039930001366883516
frame 176,0.0004062999796587974
frame 177,0.0003609000123105943
frame 178,0.00034630001755431294
frame 179,0.00030800001695752144
frame 180,0.0002990999782923609
frame 181,0.00027489999774843454
frame 182,0.00030429998878389597
frame 183,0.00022050002007745206
frame 184,0.00019809999503195286
frame 185,0.0001947999990079552
frame 186,0.00017059998936019838
frame 187,0.00014050002209842205
frame 188,0.00012620000052265823
frame 189,0.0012216000177431852
frame 190,0.0011605000181589276
frame 191,0.001182200008770451
frame 192,0.0012134000135120004
frame 193,0.0012231000000610948
frame 194,0.0012461000005714595
frame 195,0.0013093000161461532
frame 196,0.0012617000029422343
frame 197,0.0012759999954141676
frame 198,0.001184399996418506
frame 199,0.0014307000092230737
frame 200,0.0012421999999787658
frame 201,0.0010850999969989061
frame 202,0.0011093999783042818
frame 203,0.0010909000120591372
frame 204,0.0010168000007979572
frame 205,0.0009366000012960285
frame 206,0.0009457999840378761
frame 207,0.0009165999945253134
frame 208,0.000836499995784834
frame 209,0.0007083000091370195
frame 210,0.0006123000057414174
frame 211,0.0006041000015102327
frame 212,0.0005815000040456653
frame 213,0.0004897000035271049
frame 214,0.0004478000046219677
frame 215,0.000388299988117069
frame 216,0.00039499998092651367
frame 217,0.0003687999851536006
frame 218,0.00036589999217540026
frame 219,0.00033459998667240143
frame 220,0.0003176000027451664
frame 221,0.00034649998997338116
frame 222,0.00027099999715574086
frame 223,0.0002657000150065869
frame 224,0.00038040001527406275
frame 225,0.00021580001339316368
frame 226,0.00022449999232776463
frame 227,0.0001700000138953328
frame 228,0.0001568000006955117
frame 229,0.0001956000050995499
frame 230,0.0001765000051818788
frame 231,0.00016220001270994544
frame 232,0.00014960000407882035
frame 233,0.001201099978061393
frame 234,0.0009952000109478831
frame 235,0.0008647000067867339
frame 236,0.0008593999955337495
frame 237,0.000839599990285933
frame 238,0.00090819998877123
frame 239,0.0008522999996785074
frame 240,0.0008214000263251364
frame 241,0.0007852000126149505
frame 242,0.0007292000227607787
frame 243,0.0007211000192910433
frame 244,0.0006530999962706119
frame 245,0.000613499985774979
frame 246,0.0005805999971926212
frame 247,0.0005027000152040273
frame 248,0.00044659999548457563
frame 249,0.00039820000529289246
frame 250,0.00030839999089948833
frame 251,0.00020710000535473228
frame 252,0.0011969000042881817
frame 253,0.001185000000987202
frame 254,0.0011900000099558383
frame 255,0.0011610999936237931
frame 256,0.0011737000022549182
frame 257,0.0011952999921049923
frame 258,0.0011463999981060624
frame 259,0.0010976000048685819
frame 260,0.0010729999921750277
frame 261,0.0010779000003822148
frame 262,0.0010270999919157475
frame 263,0.0009865999745670706
frame 264,0.0009600000048521906
frame 265,0.0009740999958012253
frame 266,0.0008470999891869724
frame 267,0.0007993000035639852
frame 268,0.0007902999932412058
frame 269,0.0007597000221721828
frame 270,0.0007856000156607479
frame 271,0.0007286000181920826
frame 272,0.0007151999743655324
frame 273,0.0006837999972049147
frame 274,0.000621199986198917
frame 275,0.0005724999937228858
frame 276,0.0005613999965135008
frame 277,0.000503500021295622
frame 278,0.0004126999992877245
frame 279,0.000592500000493601
frame 280,0.00024909997591748834
frame 281,0.00020680000307038426
frame 282,0.00019649998284876347
frame 283,0.0001813999842852354
frame 284,0.00024969998048618436
frame 285,0.00025939999613910913
frame 286,0.00027379998937249184
frame 287,0.00028619999648071826
frame 288,0.0002958000113721937
frame 289,0.0010056999744847417
frame 290,0.0009965999925043434
frame 291,0.0010443999781273305
frame 292,0.000970599998254329
frame 293,0.0009401999996043742
frame 294,0.0008784999954514205
frame 295,0.0008074000070337206
frame 296,0.0007058999908622354
frame 297,0.0006837999972049147
frame 298,0.0006009999779053032
frame 299,0.0005089999758638442
frame 300,0.000883800006704405
frame 301,0.000776599976234138
frame 302,0.0007377000001724809
frame 303,0.0002592999953776598
frame 304,0.0010700000275392085
frame 305,0.0007482999935746193
frame 306,0.0007746999908704311
frame 307,0.0007866999949328601
frame 308,0.0007654000073671341
frame 309,0.000738300004741177
frame 310,0.0007938000198919326
frame 311,0.0007157999789342284
frame 312,0.0006977000157348812
frame 313,0.0006848000048194081
frame 314,0.0008637999999336898
frame 315,0.0008762000070419163
frame 316,0.0008585000177845359
frame 317,0.0007707999902777374
frame 318,0.0007960000075399876
frame 319,0.0006194000015966594
frame 320,0.0005558999837376177
frame 321,0.0004960999940522015
frame 322,0.0004209000035189092
frame 323,0.000370699999621138
frame 324,0.00030880002304911613
frame 325,0.00027299998328089714
frame 326,0.00013760000001639128
frame 327,0.0009274999902117997
frame 328,0.0008639000006951392
frame 329,0.000694699992891401
frame 330,0.0006345000001601875
frame 331,0.0005333000153768808
frame 332,0.0004977000062353909
frame 333,0.0003966999938711524
frame 334,0.00045930000487715006
frame 335,0.0004810999962501228
frame 336,0.00045059999683871865
frame 337,0.00034699999378062785
frame 338,0.00022780001745559275
frame 339,0.00022230000467970967
frame 340,0.00020479998784139752
frame 341,0.00019320001592859626
frame 342,0.0001765000051818788
frame 343,0.00015629999688826501
frame 344,0.00014459999511018395
frame 345,0.00021169998217374086
frame 346,0.00018440000712871552
frame 347,0.00017179999849759042
frame 348,0.000155699992319569
frame 349,0.0001396999869029969
frame 350,0.0006936000136192888
frame 351,0.0005769999988842756
frame 352,0.000537499989150092
frame 353,0.0005152999947313219
frame 354,0.0004952999879606068
frame 355,0.0004694000235758722
frame 356,0.00043000001460313797
frame 357,0.0004416000156197697
frame 358,0.0007094000175129622
frame 359,0.0006493999972008169
frame 360,0.0006056999845895916
frame 361,0.0005831999878864735
frame 362,0.00022470002295449376
frame 363,0.0010318999993614852
frame 364,0.0009575999865774065
frame 365,0.0009519000013824552
frame 366,0.0009489000076428056
frame 367,0.000818300002720207
frame 368,0.0006920000014360994
frame 369,0.0006665000109933317
frame 370,0.0006613000005017966
frame 371,0.0006397000106517226
frame 372,0.0006090000097174197
frame 373,0.0005685000214725733
frame 374,0.0005589000065810978
frame 375,0.0005112999933771789
frame 376,0.0005069999897386879
frame 377,0.0005037999944761395
frame 378,0.00048409998998977244
frame 379,0.0004973000031895936
frame 380,0.0004721999866887927
frame 381,0.0004336999845691025
frame 382,0.0004354999982751906
frame 383,0.00036450001061894
frame 384,0.0003412999794818461
frame 385,0.0015662999940104783
frame 386,0.0015296000055968761
frame 387,0.0015928999928291887
frame 388,0.001482799998484552
frame 389,0.0014452000032179058
frame 390,0.0015431000210810453
frame 391,0.0015333000046666712
frame 392,0.0016445000073872507
frame 393,0.001538299984531477
frame 394,0.001510500005679205
frame 395,0.0013996000052429736
frame 396,0.0014531000051647425
frame 397,0.0014731000119354576
frame 398,0.0014024999982211739
frame 399,0.001408300013281405
frame 400,0.0012801999982912093
frame 401,0.0012315000058151782
frame 402,0.000801900023361668
frame 403,0.0015584999928250909
frame 404,0.0015930000226944685
frame 405,0.0009358999959658831
frame 406,0.0009018999990075827
frame 407,0.0008933999924920499
frame 408,0.0008998999837785959
frame 409,0.0008679000020492822
frame 410,0.0009218000050168484
frame 411,0.000892400013981387
frame 412,0.0009294000046793371
frame 413,0.0009827000030782074
frame 414,0.0008938999962992966
frame 415,0.0008925000147428364
frame 416,0.0008197999850381166
frame 417,0.0007419000030495226
frame 418,0.0006608999974559993
frame 419,0.0005957999965175986
frame 420,0.000461499992525205
frame 421,0.0003479000006336719
frame 422,0.00028830001247115433
frame 423,0.00027200000477023423
frame 424,0.00028639999800361693
frame 425,0.0002728999825194478
frame 426,0.00025189999723806977
frame 427,0.00026279999292455614
frame 428,0.00023609999334439635
frame 429,0.00022330001229420304
frame 430,0.0002201999886892736
frame 431,0.0002099999983329326
frame 432,0.00020119998953305185
frame 433,0.00020219999714754522
frame 434,0.00019099999917671084
frame 435,0.00018709999858401716
frame 436,0.00018930001533590257
frame 437,0.00016179998056031764
frame 438,0.0001441999920643866
frame 439,0.00013959998614154756
frame 440,0.00013120000949129462
frame 441,0.0007980000227689743
frame 442,0.0007801000028848648
frame 443,0.0007688999758102
frame 444,0.0007342999742832035
frame 445,0.0007053999870549887
frame 446,0.0007248999900184572
frame 447,0.0006598999898415059
frame 448,0.0006089000089559704
frame 449,0.0005640000163111836
frame 450,0.0005395000043790787
frame 451,0.00044869998237118125
frame 452,0.00046109998947940767
frame 453,0.0004970000009052455
frame 454,0.00042440000106580555
frame 455,0.00040339998668059707
frame 456,0.00037029999657534063
frame 457,0.00029329999233596027
frame 458,0.00039950001519173384
frame 459,0.0002893999917432666
frame 460,0.0002710999979171902
frame 461,0.0002300000051036477
frame 462,0.00020029998268000782
frame 463,0.00018220001948066056
frame 464,0.00017899999511428177
frame 465,0.00014940000255592167
frame 466,0.0001351000100839883
frame 467,0.0008398000209126621
frame 468,0.0007841000042390078
frame 469,0.0007852999842725694
frame 470,0.0007822999905329198
frame 471,0.0008464000129606575
frame 472,0.0007459000044036657
frame 473,0.0007591999892611057
frame 474,0.0007711999933235347
frame 475,0.0006385000015143305
frame 476,0.0005711000121664256
frame 477,0.0005375999899115413
frame 478,0.0005637999856844544
frame 479,0.0004267000185791403
frame 480,0.00031259999377653003
frame 481,0.0002750999992713332
frame 482,0.0012541000032797456
frame 483,0.0013136999914422631
frame 484,0.001143500005127862
frame 485,0.0011534999939613044
frame 486,0.0013943999947514385
frame 487,0.0011027000145986676
frame 488,0.0007728000055067241
frame 489,0.0007612000044900924
frame 490,0.0008579000132158399
frame 491,0.0006954999989829957
frame 492,0.0007187000010162592
frame 493,0.0006824999873060733
frame 494,0.000619699974777177
frame 495,0.0005459999956656247
frame 496,0.0004749000072479248
frame 497,0.00040950000402517617
frame 498,0.00039430000470019877
frame 499,0.00027329998556524515
frame 500,0.000597700010985136
frame 501,0.00046690000453963876
frame 502,0.00044639999396167696
frame 503,0.0003983000060543418
frame 504,0.0003939000016544014
frame 505,0.00043730001198127866
frame 506,0.00039840000681579113
frame 507,0.00039319999632425606
frame 508,0.0003887999919243157
frame 509,0.0003583999932743609
frame 510,0.0003598999755922705
frame 511,0.0003338000096846372
frame 512,0.00034559998312033713
frame 513,0.00029490000451914966
frame 514,0.0003208999987691641
frame 515,0.00027290001162327826
frame 516,0.0003192999865859747
frame 517,0.00022950000129640102
frame 518,0.0005373000167310238
frame 519,0.0005008000007364899
frame 520,0.00051710000843741
frame 521,0.00045059999683871865
frame 522,0.00038479999057017267
frame 523,0.0003029000072274357
frame 524,0.000975500006461516
frame 525,0.0009520000021439046
frame 526,0.000986300001386553
frame 527,0.0009235999896191061
frame 528,0.0008763000078033656
frame 529,0.0008780000207480043
frame 530,0.0008677000005263835
frame 531,0.0007876000017859042
frame 532,0.0006090999813750386
frame 533,0.0004891999997198582
frame 534,0.00042710002162493765
frame 535,0.0006047999777365476
frame 536,0.0004105999832972884
frame 537,0.00036700000055134296
frame 538,0.0002935999946203083
frame 539,0.00026989998877979815
frame 540,0.0002621999883558601
frame 541,0.00020279997261241078
frame 542,0.0001888000115286559
frame 543,0.0001881999778561294
frame 544,0.0001640999980736524
frame 545,0.00014519999967887998
frame 546,0.000132200017105788
frame 547,0.000451600004453212
frame 548,0.000430900021456182
frame 549,0.0004031000135000795
frame 550,0.0001666999887675047
frame 551,0.00015930001973174512
frame 552,0.00015460001304745674
frame 553,0.00015199999324977398
frame 554,0.00013010000111535192
frame 555,0.0006337000231724232
frame 556,0.000598999991780147
frame 557,0.0006083999760448933
frame 558,0.0005476000078488141
frame 559,0.0006342999986372888
frame 560,0.0005384999967645854
frame 561,0.0005311999993864447
frame 562,0.0005632999818772078
frame 563,0.0006207000114955008
frame 564,0.0006167000101413578
frame 565,0.0006526999932248145
frame 566,0.0006468999781645834
frame 567,0.0005952999927103519
frame 568,0.0007297999982256442
frame 569,0.0006776000082027167
frame 570,0.0007160000095609576
frame 571,0.0007478999905288219
frame 572,0.0006376999954227358
frame 573,0.0005513000069186091
frame 574,0.0005648000224027783
frame 575,0.0005116999964229763
frame 576,0.00041089998558163643
frame 577,0.00040350001654587686
frame 578,0.0003536999865900725
frame 579,0.00027439999394118786
frame 580,0.00032750001992098987
frame 581,0.0002662999904714525
frame 582,0.0002826999989338219
frame 583,0.00029299999005161226
frame 584,0.00026020000223070383
frame 585,0.0002479999966453761
frame 586,0.00017120002303272486
frame 587,0.00016759999562054873
frame 588,0.00015279999934136868
frame 589,0.00015020000864751637
frame 590,0.00014139999984763563
frame 591,0.00013619998935610056
frame 592,0.00013489997945725918
frame 593,0.00013100000796839595
frame 594,0.0005360000068321824
frame 595,0.0004822000046260655
frame 596,0.0005501999985426664
frame 597,0.0004886999959126115
frame 598,0.0004853999998886138
frame 599,0.0004744000034406781
frame 600,0.00047519998042844236
frame 601,0.00044120001257397234
frame 602,0.0004597000079229474
frame 603,0.00039569998625665903
frame 604,0.00042460000258870423
frame 605,0.00034690002212300897
frame 606,0.00031170001602731645
frame 607,0.0002403999969828874
frame 608,0.0002568999771028757
frame 609,0.00012780001270584762
frame 610,0.0012260999938007444
frame 611,0.001240900019183755
frame 612,0.001153099990915507
frame 613,0.001132700010202825
frame 614,0.001114800019422546
frame 615,0.0010513000015635043
frame 616,0.0010813999979291111
frame 617,0.0010146000131499022
frame 618,0.0010774999973364174
frame 619,0.0009857000259216875
frame 620,0.0009389999904669821
frame 621,0.0009207999974023551
frame 622,0.0008445999992545694
frame 623,0.0008578000124543905
frame 624,0.0009331000037491322
frame 625,0.0008576000109314919
frame 626,0.000818900007288903
frame 627,0.0008451000030618161
frame 628,0.0007449999975506216
frame 629,0.0007364999910350889
frame 630,0.0007140999950934201
frame 631,0.0007026999955996871
frame 632,0.0006747999868821353
frame 633,0.0005806999979540706
frame 634,0.000530999997863546
frame 635,0.00044589999015443027
frame 636,0.0009371000051032752
frame 637,0.0009417000110261142
frame 638,0.0009824000007938594
frame 639,0.001057399989804253
frame 640,0.0009663999953772873
frame 641,0.0008877999789547175
frame 642,0.0005633000109810382
frame 643,0.0004146999854128808
frame 644,0.000374099996406585
frame 645,0.00042910000775009394
frame 646,0.00041229999624192715
frame 647,0.0004938999773003161
frame 648,0.0003485000052023679
frame 649,0.00034489997779019177
frame 650,0.00033629999961704016
frame 651,0.0002753000007942319
frame 652,0.00028730000485666096
frame 653,0.00018679999629966915
frame 654,0.00015659999917261302
frame 655,0.00015410000924021006
frame 656,0.00015129998791962862
frame 657,0.00014630000805482268
frame 658,0.00014360001659952104
frame 659,0.00013929998385719955
frame 660,0.00013000000035390258
frame 661,0.0011038999946322292
frame 662,0.0011195999977644533
frame 663,0.001003899989882484
frame 664,0.0009540999890305102
frame 665,0.0009314000199083239
frame 666,0.0011008000001311302
frame 667,0.0009436999971512705
frame 668,0.0010064000089187175
frame 669,0.001061699993442744
frame 670,0.0010104000102728605
frame 671,0.0009685999830253422
frame 672,0.0009619999909773469
frame 673,0.0010705000022426248
frame 674,0.0010636999795679003
frame 675,0.0009811000199988484
frame 676,0.0009305000130552799
frame 677,0.000847299990709871
frame 678,0.0008197000133804977
frame 679,0.0008178999996744096
frame 680,0.0009035000111907721
frame 681,0.0008411000017076731
frame 682,0.000732700020307675
frame 683,0.0008372000011149794
frame 684,0.0006821000133641064
frame 685,0.0006406000175047666
frame 686,0.0005417000211309642
frame 687,0.0004015000013168901
frame 688,0.0009483000030741096
frame 689,0.0010135000047739595
frame 690,0.00101779997930862
frame 691,0.0009179999760817736
frame 692,0.0008242999901995063
frame 693,0.0004872000135947019
frame 694,0.0004800999886356294
frame 695,0.00044329999946057796
frame 696,0.0009054999973159283
frame 697,0.0009735999919939786
frame 698,0.00041069998405873775
frame 699,0.0003958000161219388
frame 700,0.00039060000563040376
frame 701,0.0005070000188425183
frame 702,0.00045159997534938157
frame 703,0.00044570001773536205
frame 704,0.0004600000102072954
frame 705,0.00044860001071356237
frame 706,0.00047160001122392714
frame 707,0.0003558000025805086
frame 708,0.00028879998717457056
frame 709,0.00027200000477023423
frame 710,0.00022960000205785036
frame 711,0.00019029999384656549
frame 712,0.0001728000061120838
frame 713,0.0001689000055193901
frame 714,0.00017240000306628644
frame 715,0.00015079998411238194
frame 716,0.0001404999929945916
frame 717,0.000877900019986555
frame 718,0.0008498000097461045
frame 719,0.000666900014039129
frame 720,0.0007098999922163785
frame 721,0.0006905999907758087
frame 722,0.0006817000103183091
frame 723,0.0007749999931547791
frame 724,0.0006690000009257346
frame 725,0.0007106999983079731
frame 726,0.0006975000142119825
frame 727,0.0006040000007487833
frame 728,0.0006104999920353293
frame 729,0.0006645999965257943
frame 730,0.0006274999759625643
frame 731,0.0006076999998185784
frame 732,0.0005647999932989478
frame 733,0.0005582000012509525
frame 734,0.0005308999971020967
frame 735,0.0005873000191058964
frame 736,0.0004481000069063157
frame 737,0.00045889997272752225
frame 738,0.0003892999957315624
frame 739,0.0003354000218678266
frame 740,0.0006753999914508313
frame 741,0.0006044000037945807
frame 742,0.0006064999906811863
frame 743,0.0006240000075194985
frame 744,0.00040079999598674476
frame 745,0.0003643000090960413
frame 746,0.0007479999912902713
frame 747,0.000521700014360249
frame 748,0.0005310999986249954
frame 749,0.0005184999899938703
frame 750,0.0004285000031813979
frame 751,0.001221399987116456
frame 752,0.0013122000091243535
frame 753,0.001132100005634129
frame 754,0.0010926999966613948
frame 755,0.001052100007655099
frame 756,0.000986600003670901
frame 757,0.0005275000003166497
frame 758,0.0005213999829720706
frame 759,0.0004661999992094934
frame 760,0.0004966999986208975
frame 761,0.0004414999857544899
frame 762,0.00042219998431392014
frame 763,0.0010962999949697405
frame 764,0.0008218000002671033
frame 765,0.0007676999957766384
frame 766,0.0007784999907016754
frame 767,0.0009790000040084124
frame 768,0.0008020000241231173
frame 769,0.0007733000093139708
frame 770,0.0007686000026296824
frame 771,0.0007308000058401376
frame 772,0.0007794999983161688
frame 773,0.0007096999906934798
frame 774,0.0006978999881539494
frame 775,0.0006541000038851053
frame 776,0.0006568999961018562
frame 777,0.0007001999765634537
frame 778,0.0007016000163275748
frame 779,0.0006687000277452171
frame 780,0.0006220999930519611
frame 781,0.0007449999975506216
frame 782,0.0006408999906852841
frame 783,0.00048080002306960523
frame 784,0.0004216000088490546
frame 785,0.00036109998472966254
frame 786,0.0002643000043462962
frame 787,0.0011576999968383461
frame 788,0.001101900008507073
frame 789,0.0011285000073257834
frame 790,0.0012072999961674213
frame 791,0.0011431000020820647
frame 792,0.0010984000109601766
frame 793,0.000960400007897988
frame 794,0.0009820999985095114
frame 795,0.000905099994270131
frame 796,0.0008745999948587269
frame 797,0.0007894000154919922
frame 798,0.0007394999847747386
frame 799,0.0007637000235263258
frame 800,0.0005696000007446855
frame 801,0.0002339000056963414
frame 802,0.00020760000916197896
frame 803,0.00015830001211725175
frame 804,0.0001506999833509326
frame 805,0.00015130001702345908
frame 806,0.0012175000156275928
frame 807,0.0011448999866843224
frame 808,0.0012427999754436314
frame 809,0.0012335999927017838
frame 810,0.0011412999883759767
frame 811,0.0013121000083629042
frame 812,0.0012224000238347799
frame 813,0.0011698000016622245
frame 814,0.0011463999981060624
frame 815,0.0011449999874457717
frame 816,0.0011500999971758574
frame 817,0.0011617999989539385
frame 818,0.0013330999936442822
frame 819,0.0013063000224065036
frame 820,0.0011842999956570566
frame 821,0.0010692000214476138
frame 822,0.0010557000059634447
frame 823,0.001038299989886582
frame 824,0.0009756999788805842
frame 825,0.0009346999868284911
frame 826,0.0009065999765880406
frame 827,0.0004584000271279365
frame 828,0.00043929999810643494
frame 829,0.0004588000010699034
frame 830,0.0004490999854169786
frame 831,0.0005881999968551099
frame 832,0.00042470000335015357
frame 833,0.00041619999683462083
frame 834,0.0004248999757692218
frame 835,0.000367900007404387
frame 836,0.00034020000020973384
frame 837,0.00030270000570453703
frame 838,0.00033310000435449183
frame 839,0.00024419999681413174
frame 840,0.00021880000713281333
frame 841,0.00018770000315271318
frame 842,0.00018689999706111848
frame 843,0.00014859999646432698
frame 844,0.00017189999925903976
frame 845,0.00022410001838579774
frame 846,0.00021539998124353588
frame 847,0.00020290000247769058
frame 848,0.00015060001169331372
frame 849,0.000142400007462129
frame 850,0.00035620000562630594
frame 851,0.000295600009849295
frame 852,0.00026080000679939985
frame 853,0.00022610000451095402
frame 854,0.00012260000221431255
frame 855,0.000155999994603917
frame 856,0.00014479999663308263
frame 857,0.00012420001439750195
frame 858,0.0009311999892815948
frame 859,0.0009605999803170562
frame 860,0.0009403000003658235
frame 861,0.001064799987943843
frame 862,0.0009416999819222838
frame 863,0.0009472000238019973
frame 864,0.0009496000129729509
frame 865,0.0009190000128000975
frame 866,0.0009118000161834061
frame 867,0.0009421000140719116
frame 868,0.0009433999948669225
frame 869,0.0009224000095855445
frame 870,0.0009698000212665647
frame 871,0.0009413000079803169
frame 872,0.0008512999920640141
frame 873,0.0008618000138085335
frame 874,0.0008477999945171177
frame 875,0.0007377000001724809
frame 876,0.0007285000174306333
frame 877,0.0007693000079598278
frame 878,0.0008211000240407884
frame 879,0.0008711999980732799
frame 880,0.0008866999996826053
frame 881,0.0009417999826837331
frame 882,0.0009623999940231442
frame 883,0.0010113999887835234
frame 884,0.0010055000020656735
frame 885,0.0008892999903764576
frame 886,0.0009228000126313418
frame 887,0.0008524000004399568
frame 888,0.0008511000196449459
frame 889,0.000846699986141175
frame 890,0.0007658000104129314
frame 891,0.0007354000117629766
frame 892,0.0007375999994110316
frame 893,0.0006578000029549003
frame 894,0.0005739000043831766
frame 895,0.0004983000108040869
frame 896,0.00046480001765303314
frame 897,0.0004391999973449856
frame 898,0.0004185000143479556
frame 899,0.000527299998793751
frame 900,0.0005290000117383897
frame 901,0.0004056000034324825
frame 902,0.00031109998235478997
frame 903,0.00028879998717457056
frame 904,0.0002710999979171902
frame 905,0.0002442999975755811
frame 906,0.00023510001483373344
frame 907,0.00021649998961947858
frame 908,0.00018630002159625292
frame 909,0.0001537000061944127
frame 910,0.00013950001448392868
frame 911,0.00013950001448392868
frame 912,0.00013950001448392868
frame 913,0.00013950001448392868
frame 914,0.00013950001448392868
frame 915,0.00013950001448392868
frame 916,0.00013950001448392868
frame 917,0.00013950001448392868
frame 918,0.00013950001448392868
frame 919,0.00013950001448392868
frame 920,0.00013950001448392868
frame 921,0.00013950001448392868
frame 922,0.00013950001448392868
frame 923,0.00013950001448392868
frame 924,0.00013950001448392868
frame 925,0.00013950001448392868
frame 926,0.00013950001448392868
frame 927,0.00013950001448392868
frame 928,0.00013950001448392868
frame 929,0.00013950001448392868
frame 930,0.00013950001448392868
frame 931,0.00013950001448392868
frame 932,0.00013950001448392868
frame 933,0.00013950001448392868
frame 934,0.00013950001448392868
frame 935,0.00013950001448392868
frame 936,0.00013950001448392868
frame 937,0.00013950001448392868
frame 938,0.00013950001448392868
frame 939,0.00013950001448392868
frame 940,0.00013950001448392868
frame 941,0.00013950001448392868
frame 942,0.00013950001448392868
frame 943,0.00013950001448392868
frame 944,0.00013950001448392868
frame 945,0.00013950001448392868
frame 946,0.00013950001448392868
frame 947,0.00013950001448392868
frame 948,0.00013950001448392868
frame 949,0.00013950001448392868
frame 950,0.00013950001448392868
frame 951,0.00013950001448392868
frame 952,0.00013950001448392868
frame 953,0.00013950001448392868
frame 954,0.00013950001448392868
frame 955,0.00013950001448392868
frame 956,0.00013950001448392868
frame 957,0.00013950001448392868
frame 958,0.00013950001448392868
frame 959,0.00013950001448392868
frame 960,0.00013950001448392868
frame 961,0.00013950001448392868
frame 962,0.00013950001448392868
frame 963,0.00013950001448392868
frame 964,0.00013950001448392868
frame 965,0.00013950001448392868
frame 966,0.00013950001448392868
frame 967,0.00013950001448392868
frame 968,0.00013950001448392868
frame 969,0.00013950001448392868
frame 970,0.00013950001448392868
frame 971,0.00013950001448392868
frame 972,0.00013950001448392868
frame 973,0.00013950001448392868
frame 974,0.00013950001448392868
frame 975,0.00013950001448392868
frame 976,0.00013950001448392868
frame 977,0.00013950001448392868
frame 978,0.00013950001448392868
frame 979,0.00013950001448392868
frame 980,0.00013950001448392868
frame 981,0.00013950001448392868
frame 982,0.00013950001448392868
frame 983,0.00013950001448392868
frame 984,0.00013950001448392868
frame 985,0.00013950001448392868
frame 986,0.00013950001448392868
frame 987,0.00013950001448392868
frame 988,0.00013950001448392868
frame 989,0.00013950001448392868
frame 990,0.00013950001448392868
frame 991,0.00013950001448392868
frame 992,0.00013950001448392868
frame 993,0.00013950001448392868
frame 994,0.00013950001448392868
frame 995,0.00013950001448392868
frame 996,0.00013950001448392868
frame 997,0.00013950001448392868
frame 998,0.00013950001448392868
frame 999,0.00013950001448392868
frame 1000,0.00013950001448392868
frame 1001,0.00013950001448392868
frame 1002,0.00013950001448392868
frame 1003,0.00013950001448392868
frame 1004,0.00013950001448392868
frame 1005,0.00013950001448392868
frame 1006,0.00013950001448392868
frame 1007,0.00013950001448392868
frame 1008,0.00013950001448392868
frame 1009,0.00013950001448392868
frame 1010,0.00013950001448392868
frame 1011,0.00013950001448392868
frame 1012,0.00013950001448392868
frame 1013,0.00013950001448392868
frame 1014,0.00013950001448392868
frame 1015,0.00013950001448392868
frame 1016,0.00013950001448392868
frame 1017,0.00013950001448392868
frame 1018,0.00013950001448392868
frame 1019,0.00013950001448392868
frame 1020,0.00013950001448392868
frame 1021,0.00013950001448392868
frame 1022,0.00013950001448392868
frame 1023,0.00013950001448392868
frame 1024,0.00013950001448392868
frame 1025,0.00013950001448392868
frame 1026,0.00013950001448392868
frame 1027,0.00013950001448392868
frame 1028,0.00013950001448392868
frame 1029,0.00013950001448392868
frame 1030,0.00013950001448392868
frame 1031,0.00013950001448392868
frame 1032,0.00013950001448392868
frame 1033,0.00013950001448392868
frame 1034,0.00013950001448392868
frame 1035,0.00013950001448392868
frame 1036,0.00013950001448392868
frame 1037,0.00013950001448392868
frame 1038,0.00013950001448392868
frame 1039,0.00013950001448392868
frame 1040,0.00013950001448392868
frame 1041,0.00013950001448392868
frame 1042,0.00013950001448392868
frame 1043,0.00013950001448392868
frame 1044,0.00013950001448392868
frame 1045,0.00013950001448392868
frame 1046,0.00013950001448392868
frame 1047,0.00013950001448392868
frame 1048,0.00013950001448392868
frame 1049,0.00013950001448392868
frame 1050,0.00013950001448392868
frame 1051,0.00013950001448392868
frame 1052,0.00013950001448392868
frame 1053,0.00013950001448392868
frame 1054,0.00013950001448392868
frame 1055,0.00013950001448392868
frame 1056,0.00013950001448392868
frame 1057,0.00013950001448392868
frame 1058,0.00013950001448392868
frame 1059,0.00013950001448392868
frame 1060,0.00013950001448392868
frame 1061,0.00013950001448392868
frame 1062,0.00013950001448392868
frame 1063,0.00013950001448392868
frame 1064,0.00013950001448392868
frame 1065,0.00013950001448392868
frame 1066,0.00013950001448392868
frame 1067,0.00013950001448392868
frame 1068,0.00013950001448392868
frame 1069,0.00013950001448392868
frame 1070,0.00013950001448392868
frame 1071,0.00013950001448392868
frame 1072,0.00013950001448392868
frame 1073,0.00013950001448392868
frame 1074,0.00013950001448392868
frame 1075,0.00013950001448392868
frame 1076,0.00013950001448392868
frame 1077,0.00013950001448392868
frame 1078,0.00013950001448392868
frame 1079,0.00013950001448392868
frame 1080,0.00013950001448392868
frame 1081,0.00013950001448392868
frame 1082,0.00013950001448392868
frame 1083,0.00013950001448392868
frame 1084,0.00013950001448392868
frame 1085,0.00013950001448392868
frame 1086,0.00013950001448392868
frame 1087,0.00013950001448392868
frame 1088,0.00013950001448392868
frame 1089,0.00013950001448392868
frame 1090,0.00013950001448392868
frame 1091,0.00013950001448392868
frame 1092,0.00013950001448392868
frame 1093,0.00013950001448392868
frame 1094,0.00013950001448392868
frame 1095,0.00013950001448392868
frame 1096,0.00013950001448392868
frame 1097,0.00013950001448392868
frame 1098,0.00013950001448392868
frame 1099,0.00013950001448392868
frame 1100,0.00013950001448392868
frame 1101,0.00013950001448392868
frame 1102,0.00013950001448392868
frame 1103,0.00013950001448392868
frame 1104,0.00013950001448392868
frame 1105,0.00013950001448392868
frame 1106,0.00013950001448392868
frame 1107,0.00013950001448392868
frame 1108,0.00013950001448392868
frame 1109,0.00013950001448392868
frame 1110,0.00013950001448392868
frame 1111,0.00013950001448392868
frame 1112,0.00013950001448392868
frame 1113,0.00013950001448392868
frame 1114,0.00013950001448392868
frame 1115,0.00013950001448392868
frame 1116,0.00013950001448392868
frame 1117,0.00013950001448392868
frame 1118,0.00013950001448392868
frame 1119,0.00013950001448392868
frame 1120,0.00013950001448392868
frame 1121,0.00013950001448392868
frame 1122,0.00013950001448392868
frame 1123,0.00013950001448392868
frame 1124,0.00013950001448392868
frame 1125,0.00013950001448392868
frame 1126,0.00013950001448392868
frame 1127,0.00013950001448392868
frame 1128,0.00013950001448392868
frame 1129,0.00013950001448392868
frame 1130,0.00013950001448392868
frame 1131,0.00013950001448392868
frame 1132,0.00013950001448392868
frame 1133,0.00013950001448392868
frame 1134,0.00013950001448392868
frame 1135,0.00013950001448392868
frame 1136,0.00013950001448392868
frame 1137,0.00013950001448392868
frame 1138,0.00013950001448392868
frame 1139,0.00013950001448392868
frame 1140,0.00013950001448392868
frame 1141,0.00013950001448392868
frame 1142,0.00013950001448392868
frame 1143,0.00013950001448392868
frame 1144,0.00013950001448392868
frame 1145,0.00013950001448392868
frame 1146,0.00013950001448392868
frame 1147,0.00013950001448392868
frame 1148,0.00013950001448392868
frame 1149,0.00013950001448392868
frame 1150,0.00013950001448392868
frame 1151,0.00013950001448392868
frame 1152,0.00013950001448392868
frame 1153,0.00013950001448392868
frame 1154,0.00013950001448392868
frame 1155,0.00013950001448392868
frame 1156,0.00013950001448392868
frame 1157,0.00013950001448392868
frame 1158,0.00013950001448392868
frame 1159,0.00013950001448392868
frame 1160,0.00013950001448392868
frame 1161,0.00013950001448392868
frame 1162,0.00013950001448392868
frame 1163,0.00013950001448392868
frame 1164,0.00013950001448392868
frame 1165,0.00013950001448392868
frame 1166,0.00013950001448392868
frame 1167,0.00013950001448392868
frame 1168,0.00013950001448392868
frame 1169,0.00013950001448392868
frame 1170,0.00013950001448392868
frame 1171,0.00013950001448392868
frame 1172,0.00013950001448392868
frame 1173,0.00013950001448392868
frame 1174,0.00013950001448392868
frame 1175,0.00013950001448392868
frame 1176,0.00013950001448392868
frame 1177,0.00013950001448392868
frame 1178,0.00013950001448392868
frame 1179,0.00013950001448392868
frame 1180,0.00013950001448392868
frame 1181,0.00013950001448392868
frame 1182,0.00013950001448392868
frame 1183,0.00013950001448392868
frame 1184,0.00013950001448392868
frame 1185,0.00013950001448392868
frame 1186,0.00013950001448392868
frame 1187,0.00013950001448392868
frame 1188,0.00013950001448392868
frame 1189,0.00013950001448392868
frame 1190,0.00013950001448392868
frame 1191,0.00013950001448392868
frame 1192,0.00013950001448392868
frame 1193,0.00013950001448392868
frame 1194,0.00013950001448392868
frame 1195,0.00013950001448392868
frame 1196,0.00013950001448392868
frame 1197,0.00013950001448392868
frame 1198,0.00013950001448392868
frame 1199,0.00013950001448392868
frame 1200,0.00013950001448392868
frame 1201,0.00013950001448392868
frame 1202,0.00013950001448392868
frame 1203,0.00013950001448392868
frame 1204,0.00013950001448392868
frame 1205,0.00013950001448392868
frame 1206,0.00013950001448392868
frame 1207,0.00013950001448392868
frame 1208,0.00013950001448392868
frame 1209,0.00013950001448392868
frame 1210,0.00013950001448392868
frame 1211,0.00013950001448392868
frame 1212,0.00013950001448392868
frame 1213,0.00013950001448392868
frame 1214,0.00013950001448392868
frame 1215,0.00013950001448392868
frame 1216,0.00013950001448392868
frame 1217,0.00013950001448392868
frame 1218,0.00013950001448392868
frame 1219,0.00013950001448392868
frame 1220,0.00013950001448392868
frame 1221,0.00013950001448392868
frame 1222,0.00013950001448392868
frame 1223,0.00013950001448392868
frame 1224,0.00013950001448392868
frame 1225,0.00013950001448392868
frame 1226,0.00013950001448392868
frame 1227,0.00013950001448392868
frame 1228,0.00013950001448392868
frame 1229,0.00013950001448392868
frame 1230,0.00013950001448392868
frame 1231,0.00013950001448392868
frame 1232,0.00013950001448392868
frame 1233,0.00013950001448392868
frame 1234,0.00013950001448392868
frame 1235,0.00013950001448392868
frame 1236,0.00013950001448392868
frame 1237,0.00013950001448392868
frame 1238,0.00013950001448392868
frame 1239,0.00013950001448392868
frame 1240,0.00013950001448392868
frame 1241,0.00013950001448392868
frame 1242,0.00013950001448392868
frame 1243,0.00013950001448392868
frame 1244,0.00013950001448392868
frame 1245,0.00013950001448392868
frame 1246,0.00013950001448392868
frame 1247,0.00013950001448392868
frame 1248,0.00013950001448392868
frame 1249,0.00013950001448392868
frame 1250,0.00013950001448392868
frame 1251,0.00013950001448392868
frame 1252,0.00013950001448392868
frame 1253,0.00013950001448392868
frame 1254,0.00013950001448392868
frame 1255,0.00013950001448392868
frame 1256,0.00013950001448392868
frame 1257,0.00013950001448392868
frame 1258,0.00013950001448392868
frame 1259,0.00013950001448392868
frame 1260,0.00013950001448392868
frame 1261,0.00013950001448392868
frame 1262,0.00013950001448392868
frame 1263,0.00013950001448392868
frame 1264,0.00013950001448392868
frame 1265,0.00013950001448392868
frame 1266,0.00013950001448392868
frame 1267,0.00013950001448392868
frame 1268,0.00013950001448392868
frame 1269,0.00013950001448392868
frame 1270,0.00013950001448392868
frame 1271,0.00013950001448392868
frame 1272,0.00013950001448392868
frame 1273,0.00013950001448392868
frame 1274,0.00013950001448392868
frame 1275,0.00013950001448392868
frame 1276,0.00013950001448392868
frame 1277,0.00013950001448392868
frame 1278,0.00013950001448392868
frame 1279,0.00013950001448392868
frame 1280,0.00013950001448392868
frame 1281,0.00013950001448392868
frame 1282,0.00013950001448392868
frame 1283,0.00013950001448392868
frame 1284,0.00013950001448392868
frame 1285,0.00013950001448392868
frame 1286,0.00013950001448392868
frame 1287,0.00013950001448392868
frame 1288,0.00013950001448392868
frame 1289,0.00013950001448392868
frame 1290,0.00013950001448392868
frame 1291,0.00013950001448392868
frame 1292,0.00013950001448392868
frame 1293,0.00013950001448392868
frame 1294,0.00013950001448392868
frame 1295,0.00013950001448392868
frame 1296,0.00013950001448392868
frame 1297,0.00013950001448392868
frame 1298,0.00013950001448392868
frame 1299,0.00013950001448392868
frame 1300,0.00013950001448392868
frame 1301,0.00013950001448392868
frame 1302,0.00013950001448392868
frame 1303,0.00013950001448392868
frame 1304,0.00013950001448392868
frame 1305,0.00013950001448392868
frame 1306,0.00013950001448392868
frame 1307,0.00013950001448392868
frame 1308,0.00013950001448392868
frame 1309,0.00013950001448392868
frame 1310,0.00013950001448392868
frame 1311,0.00013950001448392868
frame 1312,0.00013950001448392868
frame 1313,0.00013950001448392868
frame 1314,0.00013950001448392868
frame 1315,0.00013950001448392868
frame 1316,0.00013950001448392868
frame 1317,0.00013950001448392868
frame 1318,0.00013950001448392868
frame 1319,0.00013950001448392868
frame 1320,0.00013950001448392868
frame 1321,0.00013950001448392868
frame 1322,0.00013950001448392868
frame 1323,0.00013950001448392868
frame 1324,0.00013950001448392868
frame 1325,0.00013950001448392868
frame 1326,0.00013950001448392868
frame 1327,0.00013950001448392868
frame 1328,0.00013950001448392868
frame 1329,0.00013950001448392868
frame 1330,0.00013950001448392868
frame 1331,0.00013950001448392868
frame 1332,0.00013950001448392868
frame 1333,0.00013950001448392868
frame 1334,0.00013950001448392868
frame 1335,0.00013950001448392868
frame 1336,0.00013950001448392868
frame 1337,0.00013950001448392868
frame 1338,0.00013950001448392868
frame 1339,0.00013950001448392868
frame 1340,0.00013950001448392868
frame 1341,0.00013950001448392868
frame 1342,0.00013950001448392868
frame 1343,0.00013950001448392868
frame 1344,0.00013950001448392868
frame 1345,0.00013950001448392868
frame 1346,0.00013950001448392868
frame 1347,0.00013950001448392868
frame 1348,0.00013950001448392868
frame 1349,0.00013950001448392868
frame 1350,0.00013950001448392868
frame 1351,0.00013950001448392868
frame 1352,0.00013950001448392868
frame 1353,0.00013950001448392868
frame 1354,0.00013950001448392868
frame 1355,0.00013950001448392868
frame 1356,0.00013950001448392868
frame 1357,0.00013950001448392868
frame 1358,0.00013950001448392868
frame 1359,0.00013950001448392868
frame 1360,0.00013950001448392868
frame 1361,0.00013950001448392868
frame 1362,0.00013950001448392868
frame 1363,0.00013950001448392868
frame 1364,0.00013950001448392868
frame 1365,0.00013950001448392868
frame 1366,0.00013950001448392868
frame 1367,0.00013950001448392868
frame 1368,0.00013950001448392868
frame 1369,0.00013950001448392868
frame 1370,0.00013950001448392868
frame 1371,0.00013950001448392868
frame 1372,0.00013950001448392868
frame 1373,0.00013950001448392868
frame 1374,0.00013950001448392868
frame 1375,0.00013950001448392868
frame 1376,0.00013950001448392868
frame 1377,0.00013950001448392868
frame 1378,0.00013950001448392868
frame 1379,0.00013950001448392868
frame 1380,0.00013950001448392868
frame 1381,0.00013950001448392868
frame 1382,0.00013950001448392868
frame 1383,0.00013950001448392868
frame 1384,0.00013950001448392868
frame 1385,0.00013950001448392868
frame 1386,0.00013950001448392868
frame 1387,0.00013950001448392868
frame 1388,0.00013950001448392868
frame 1389,0.00013950001448392868
frame 1390,0.00013950001448392868
frame 1391,0.00013950001448392868
frame 1392,0.00013950001448392868
frame 1393,0.00013950001448392868
frame 1394,0.00013950001448392868
frame 1395,0.00013950001448392868
frame 1396,0.00013950001448392868
frame 1397,0.00013950001448392868
frame 1398,0.00013950001448392868
frame 1399,0.00013950001448392868
frame 1400,0.00013950001448392868
frame 1401,0.00013950001448392868
frame 1402,0.00013950001448392868
frame 1403,0.00013950001448392868
frame 1404,0.00013950001448392868
frame 1405,0.00013950001448392868
frame 1406,0.00013950001448392868
frame 1407,0.00013950001448392868
frame 1408,0.00013950001448392868
frame 1409,0.00013950001448392868
frame 1410,0.00013950001448392868
frame 1411,0.00013950001448392868
frame 1412,0.00013950001448392868
frame 1413,0.00013950001448392868
frame 1414,0.00013950001448392868
frame 1415,0.00013950001448392868
frame 1416,0.00013950001448392868
frame 1417,0.00013950001448392868
frame 1418,0.00013950001448392868
frame 1419,0.00013950001448392868
frame 1420,0.00013950001448392868
frame 1421,0.00013950001448392868
frame 1422,0.00013950001448392868
frame 1423,0.00013950001448392868
frame 1424,0.00013950001448392868
frame 1425,0.00013950001448392868
frame 1426,0.00013950001448392868
frame 1427,0.00013950001448392868
frame 1428,0.00013950001448392868
frame 1429,0.00013950001448392868
frame 1430,0.00013950001448392868
frame 1431,0.00013950001448392868
frame 1432,0.00013950001448392868
frame 1433,0.00013950001448392868
frame 1434,0.00013950001448392868
frame 1435,0.00013950001448392868
frame 1436,0.00013950001448392868
frame 1437,0.00013950001448392868
frame 1438,0.00013950001448392868
frame 1439,0.00013950001448392868
frame 1440,0.00013950001448392868
frame 1441,0.00013950001448392868
frame 1442,0.00013950001448392868
frame 1443,0.00013950001448392868
frame 1444,0.00013950001448392868
frame 1445,0.00013950001448392868
frame 1446,0.00013950001448392868
frame 1447,0.00013950001448392868
frame 1448,0.00013950001448392868
frame 1449,0.00013950001448392868
frame 1450,0.00013950001448392868
frame 1451,0.00013950001448392868
frame 1452,0.00013950001448392868
frame 1453,0.00013950001448392868
frame 1454,0.00013950001448392868
frame 1455,0.00013950001448392868
frame 1456,0.00013950001448392868
frame 1457,0.00013950001448392868
frame 1458,0.00013950001448392868
frame 1459,0.00013950001448392868
frame 1460,0.00013950001448392868
frame 1461,0.00013950001448392868
frame 1462,0.00013950001448392868
frame 1463,0.00013950001448392868
frame 1464,0.00013950001448392868
frame 1465,0.00013950001448392868
frame 1466,0.00013950001448392868
frame 1467,0.00013950001448392868
frame 1468,0.00013950001448392868
frame 1469,0.00013950001448392868
frame 1470,0.00013950001448392868
frame 1471,0.00013950001448392868
frame 1472,0.00013950001448392868
frame 1473,0.00013950001448392868
frame 1474,0.00013950001448392868
frame 1475,0.00013950001448392868
frame 1476,0.00013950001448392868
frame 1477,0.00013950001448392868
frame 1478,0.00013950001448392868
frame 1479,0.00013950001448392868
frame 1480,0.00013950001448392868
frame 1481,0.00013950001448392868
frame 1482,0.00013950001448392868
frame 1483,0.00013950001448392868
frame 1484,0.00013950001448392868
frame 1485,0.00013950001448392868
frame 1486,0.00013950001448392868
frame 1487,0.00013950001448392868
frame 1488,0.00013950001448392868
frame 1489,0.00013950001448392868
frame 1490,0.00013950001448392868
frame 1491,0.00013950001448392868
frame 1492,0.00013950001448392868
